run_dir,run_label,model,prompt_format,max_new_tokens,kl_risk_threshold,uckv_risk_tolerance,split,policy,prompts,steps,avg_kl,p95_kl,max_kl,top1_mismatch_rate,avg_retained_ratio,avg_kept_tokens,avg_full_tokens,avg_replay_s_per_step,replay_metric_source
outputs/experiments/20260709_133848_943893_final_smollm2_chat_retrieval96_seed31_confirm_thr01_besttol_w384_HuggingFaceTB__SmolLM2-135M-Instruct,final_smollm2_chat_retrieval96_seed31_confirm_thr01_besttol_w384,HuggingFaceTB/SmolLM2-135M-Instruct,chat_template,24,0.01,0.36,calibration,full,48,1152,0.0,0.0,0.0,0.0,1.0,285.2916666666667,285.2916666666667,0.13210000697624,actual_replay
outputs/experiments/20260709_133848_943893_final_smollm2_chat_retrieval96_seed31_confirm_thr01_besttol_w384_HuggingFaceTB__SmolLM2-135M-Instruct,final_smollm2_chat_retrieval96_seed31_confirm_thr01_besttol_w384,HuggingFaceTB/SmolLM2-135M-Instruct,chat_template,24,0.01,0.36,calibration,sink4_window_128,48,1152,0.3197259416012394,2.8412632942199707,8.547065734863281,0.0763888888888889,0.5091254303925825,132.0,285.2916666666667,0.1392729085624624,actual_replay
outputs/experiments/20260709_133848_943893_final_smollm2_chat_retrieval96_seed31_confirm_thr01_besttol_w384_HuggingFaceTB__SmolLM2-135M-Instruct,final_smollm2_chat_retrieval96_seed31_confirm_thr01_besttol_w384,HuggingFaceTB/SmolLM2-135M-Instruct,chat_template,24,0.01,0.36,calibration,sink4_window_192,48,1152,0.1425080655974196,0.1459721431136133,7.132619857788086,0.0329861111111111,0.7236578691123279,190.47916666666663,285.2916666666667,0.1358967348090926,actual_replay
outputs/experiments/20260709_133848_943893_final_smollm2_chat_retrieval96_seed31_confirm_thr01_besttol_w384_HuggingFaceTB__SmolLM2-135M-Instruct,final_smollm2_chat_retrieval96_seed31_confirm_thr01_besttol_w384,HuggingFaceTB/SmolLM2-135M-Instruct,chat_template,24,0.01,0.36,calibration,sink4_window_256,48,1152,0.1342459390427061,0.0892781987786293,7.442490577697754,0.0303819444444444,0.8643769350834035,235.10503472222223,285.2916666666667,0.1348994210788482,actual_replay
outputs/experiments/20260709_133848_943893_final_smollm2_chat_retrieval96_seed31_confirm_thr01_besttol_w384_HuggingFaceTB__SmolLM2-135M-Instruct,final_smollm2_chat_retrieval96_seed31_confirm_thr01_besttol_w384,HuggingFaceTB/SmolLM2-135M-Instruct,chat_template,24,0.01,0.36,calibration,sink4_window_32,48,1152,0.7215703462138569,3.9531781077384975,8.113006591796875,0.1493055555555555,0.1388523901070679,36.0,285.2916666666667,0.1360336751301171,actual_replay
outputs/experiments/20260709_133848_943893_final_smollm2_chat_retrieval96_seed31_confirm_thr01_besttol_w384_HuggingFaceTB__SmolLM2-135M-Instruct,final_smollm2_chat_retrieval96_seed31_confirm_thr01_besttol_w384,HuggingFaceTB/SmolLM2-135M-Instruct,chat_template,24,0.01,0.36,calibration,sink4_window_320,48,1152,0.0657838351764585,0.0248529229313135,7.356168270111084,0.0147569444444444,0.9519057797374956,266.4140625,285.2916666666667,0.1351275161700869,actual_replay
outputs/experiments/20260709_133848_943893_final_smollm2_chat_retrieval96_seed31_confirm_thr01_besttol_w384_HuggingFaceTB__SmolLM2-135M-Instruct,final_smollm2_chat_retrieval96_seed31_confirm_thr01_besttol_w384,HuggingFaceTB/SmolLM2-135M-Instruct,chat_template,24,0.01,0.36,calibration,sink4_window_384,48,1152,0.0002890434819478,7.6396344229579e-05,0.0891232937574386,0.0,0.9947641659088894,283.17621527777777,285.2916666666667,0.1341132880859529,actual_replay
outputs/experiments/20260709_133848_943893_final_smollm2_chat_retrieval96_seed31_confirm_thr01_besttol_w384_HuggingFaceTB__SmolLM2-135M-Instruct,final_smollm2_chat_retrieval96_seed31_confirm_thr01_besttol_w384,HuggingFaceTB/SmolLM2-135M-Instruct,chat_template,24,0.01,0.36,calibration,sink4_window_64,48,1152,0.5070786094502373,3.4887866139411927,8.319538116455078,0.1137152777777777,0.2622767368689061,68.0,285.2916666666667,0.1375951184532419,actual_replay
outputs/experiments/20260709_133848_943893_final_smollm2_chat_retrieval96_seed31_confirm_thr01_besttol_w384_HuggingFaceTB__SmolLM2-135M-Instruct,final_smollm2_chat_retrieval96_seed31_confirm_thr01_besttol_w384,HuggingFaceTB/SmolLM2-135M-Instruct,chat_template,24,0.01,0.36,calibration,uckv_budget,48,1152,0.0020177532165461,0.0113176897168159,0.0994906648993492,0.0060763888888888,0.9207497363164509,267.5138888888889,285.2916666666667,0.1663005297992741,actual_replay
outputs/experiments/20260709_133848_943893_final_smollm2_chat_retrieval96_seed31_confirm_thr01_besttol_w384_HuggingFaceTB__SmolLM2-135M-Instruct,final_smollm2_chat_retrieval96_seed31_confirm_thr01_besttol_w384,HuggingFaceTB/SmolLM2-135M-Instruct,chat_template,24,0.01,0.36,calibration,uckv_entropy_adaptive,48,1152,1.9039678349493256,7.261535334587098,12.490302085876465,0.3602430555555556,0.0639690342165966,16.40190972222222,285.2916666666667,0.1337089877722772,actual_replay
outputs/experiments/20260709_133848_943893_final_smollm2_chat_retrieval96_seed31_confirm_thr01_besttol_w384_HuggingFaceTB__SmolLM2-135M-Instruct,final_smollm2_chat_retrieval96_seed31_confirm_thr01_besttol_w384,HuggingFaceTB/SmolLM2-135M-Instruct,chat_template,24,0.01,0.36,calibration,window_16,48,1152,7.014040973621882,20.519644737243656,29.416427612304688,0.8142361111111112,0.061712173380919,16.0,285.2916666666667,0.1395229526186388,actual_replay
outputs/experiments/20260709_133848_943893_final_smollm2_chat_retrieval96_seed31_confirm_thr01_besttol_w384_HuggingFaceTB__SmolLM2-135M-Instruct,final_smollm2_chat_retrieval96_seed31_confirm_thr01_besttol_w384,HuggingFaceTB/SmolLM2-135M-Instruct,chat_template,24,0.01,0.36,evaluation,full,48,1152,0.0,0.0,0.0,0.0,1.0,286.0416666666667,286.0416666666667,0.1317826203348381,actual_replay
outputs/experiments/20260709_133848_943893_final_smollm2_chat_retrieval96_seed31_confirm_thr01_besttol_w384_HuggingFaceTB__SmolLM2-135M-Instruct,final_smollm2_chat_retrieval96_seed31_confirm_thr01_besttol_w384,HuggingFaceTB/SmolLM2-135M-Instruct,chat_template,24,0.01,0.36,evaluation,sink4_window_128,48,1152,0.325334607329199,3.073304224014283,10.39629364013672,0.0911458333333333,0.5074712205533677,132.0,286.0416666666667,0.1388391578022189,actual_replay
outputs/experiments/20260709_133848_943893_final_smollm2_chat_retrieval96_seed31_confirm_thr01_besttol_w384_HuggingFaceTB__SmolLM2-135M-Instruct,final_smollm2_chat_retrieval96_seed31_confirm_thr01_besttol_w384,HuggingFaceTB/SmolLM2-135M-Instruct,chat_template,24,0.01,0.36,evaluation,sink4_window_192,48,1152,0.1523106028207849,0.2327318213880067,9.690942764282228,0.0477430555555555,0.7212808521236928,190.47916666666663,286.0416666666667,0.1345571103126227,actual_replay
outputs/experiments/20260709_133848_943893_final_smollm2_chat_retrieval96_seed31_confirm_thr01_besttol_w384_HuggingFaceTB__SmolLM2-135M-Instruct,final_smollm2_chat_retrieval96_seed31_confirm_thr01_besttol_w384,HuggingFaceTB/SmolLM2-135M-Instruct,chat_template,24,0.01,0.36,evaluation,sink4_window_256,48,1152,0.1150924616313079,0.064403498545289,7.78362512588501,0.0286458333333333,0.8649447480756324,235.97395833333331,286.0416666666667,0.1359718019766155,actual_replay
outputs/experiments/20260709_133848_943893_final_smollm2_chat_retrieval96_seed31_confirm_thr01_besttol_w384_HuggingFaceTB__SmolLM2-135M-Instruct,final_smollm2_chat_retrieval96_seed31_confirm_thr01_besttol_w384,HuggingFaceTB/SmolLM2-135M-Instruct,chat_template,24,0.01,0.36,evaluation,sink4_window_32,48,1152,0.7139460273351608,4.320156431198122,10.77810287475586,0.1631944444444444,0.1384012419691002,36.0,286.0416666666667,0.1355781515131234,actual_replay
outputs/experiments/20260709_133848_943893_final_smollm2_chat_retrieval96_seed31_confirm_thr01_besttol_w384_HuggingFaceTB__SmolLM2-135M-Instruct,final_smollm2_chat_retrieval96_seed31_confirm_thr01_besttol_w384,HuggingFaceTB/SmolLM2-135M-Instruct,chat_template,24,0.01,0.36,evaluation,sink4_window_320,48,1152,0.0666590157771916,0.0183388034813106,7.800596237182617,0.0130208333333333,0.9519623989068916,267.0677083333333,286.0416666666667,0.1336832935882436,actual_replay
outputs/experiments/20260709_133848_943893_final_smollm2_chat_retrieval96_seed31_confirm_thr01_besttol_w384_HuggingFaceTB__SmolLM2-135M-Instruct,final_smollm2_chat_retrieval96_seed31_confirm_thr01_besttol_w384,HuggingFaceTB/SmolLM2-135M-Instruct,chat_template,24,0.01,0.36,evaluation,sink4_window_384,48,1152,0.0003230605867406,0.0001051069575623,0.0760058760643005,0.0,0.9940201185387354,283.6310763888889,286.0416666666667,0.1325382812462723,actual_replay
outputs/experiments/20260709_133848_943893_final_smollm2_chat_retrieval96_seed31_confirm_thr01_besttol_w384_HuggingFaceTB__SmolLM2-135M-Instruct,final_smollm2_chat_retrieval96_seed31_confirm_thr01_besttol_w384,HuggingFaceTB/SmolLM2-135M-Instruct,chat_template,24,0.01,0.36,evaluation,sink4_window_64,48,1152,0.5092745277466693,3.697712576389314,10.766674041748049,0.125,0.261424568163856,68.0,286.0416666666667,0.1378291359217958,actual_replay
outputs/experiments/20260709_133848_943893_final_smollm2_chat_retrieval96_seed31_confirm_thr01_besttol_w384_HuggingFaceTB__SmolLM2-135M-Instruct,final_smollm2_chat_retrieval96_seed31_confirm_thr01_besttol_w384,HuggingFaceTB/SmolLM2-135M-Instruct,chat_template,24,0.01,0.36,evaluation,uckv_budget,48,1152,0.0024304242066599,0.0125662446953356,0.2192704081535339,0.0112847222222222,0.9224768894968176,269.05381944444446,286.0416666666667,0.1644984016258301,actual_replay
outputs/experiments/20260709_133848_943893_final_smollm2_chat_retrieval96_seed31_confirm_thr01_besttol_w384_HuggingFaceTB__SmolLM2-135M-Instruct,final_smollm2_chat_retrieval96_seed31_confirm_thr01_besttol_w384,HuggingFaceTB/SmolLM2-135M-Instruct,chat_template,24,0.01,0.36,evaluation,uckv_entropy_adaptive,48,1152,1.905603701326116,7.467957806587226,16.207517623901367,0.3559027777777778,0.0642182364520697,16.6171875,286.0416666666667,0.1325657038133209,actual_replay
outputs/experiments/20260709_133848_943893_final_smollm2_chat_retrieval96_seed31_confirm_thr01_besttol_w384_HuggingFaceTB__SmolLM2-135M-Instruct,final_smollm2_chat_retrieval96_seed31_confirm_thr01_besttol_w384,HuggingFaceTB/SmolLM2-135M-Instruct,chat_template,24,0.01,0.36,evaluation,window_16,48,1152,6.5650882767825145,19.05849599838257,28.61958122253418,0.7847222222222222,0.0615116630973778,16.0,286.0416666666667,0.1361542692770349,actual_replay
outputs/experiments/20260709_153604_895075_final_smollm2_chat_retrieval96_seed37_confirm_thr01_besttol_w384_HuggingFaceTB__SmolLM2-135M-Instruct,final_smollm2_chat_retrieval96_seed37_confirm_thr01_besttol_w384,HuggingFaceTB/SmolLM2-135M-Instruct,chat_template,24,0.01,0.36,calibration,full,48,1152,0.0,0.0,0.0,0.0,1.0,285.7708333333333,285.7708333333333,0.1429398451979169,actual_replay
outputs/experiments/20260709_153604_895075_final_smollm2_chat_retrieval96_seed37_confirm_thr01_besttol_w384_HuggingFaceTB__SmolLM2-135M-Instruct,final_smollm2_chat_retrieval96_seed37_confirm_thr01_besttol_w384,HuggingFaceTB/SmolLM2-135M-Instruct,chat_template,24,0.01,0.36,calibration,sink4_window_128,48,1152,0.3285909515172057,2.920245945453645,8.406072616577148,0.0746527777777777,0.5080202596129465,132.0,285.7708333333333,0.1440793896893208,actual_replay
outputs/experiments/20260709_153604_895075_final_smollm2_chat_retrieval96_seed37_confirm_thr01_besttol_w384_HuggingFaceTB__SmolLM2-135M-Instruct,final_smollm2_chat_retrieval96_seed37_confirm_thr01_besttol_w384,HuggingFaceTB/SmolLM2-135M-Instruct,chat_template,24,0.01,0.36,calibration,sink4_window_192,48,1152,0.1564862966404109,0.1712243296205998,7.639060020446777,0.0347222222222222,0.7231450236424801,190.64583333333331,285.7708333333333,0.1417577986094329,actual_replay
outputs/experiments/20260709_153604_895075_final_smollm2_chat_retrieval96_seed37_confirm_thr01_besttol_w384_HuggingFaceTB__SmolLM2-135M-Instruct,final_smollm2_chat_retrieval96_seed37_confirm_thr01_besttol_w384,HuggingFaceTB/SmolLM2-135M-Instruct,chat_template,24,0.01,0.36,calibration,sink4_window_256,48,1152,0.1216626697261823,0.0687251169234516,6.850052833557129,0.0260416666666666,0.8649789431503568,235.57291666666663,285.7708333333333,0.1390202854846494,actual_replay
outputs/experiments/20260709_153604_895075_final_smollm2_chat_retrieval96_seed37_confirm_thr01_besttol_w384_HuggingFaceTB__SmolLM2-135M-Instruct,final_smollm2_chat_retrieval96_seed37_confirm_thr01_besttol_w384,HuggingFaceTB/SmolLM2-135M-Instruct,chat_template,24,0.01,0.36,calibration,sink4_window_32,48,1152,0.7260142745836649,4.128527116775514,7.719198703765869,0.1579861111111111,0.1385509798944399,36.0,285.7708333333333,0.1418278325048858,actual_replay
outputs/experiments/20260709_153604_895075_final_smollm2_chat_retrieval96_seed37_confirm_thr01_besttol_w384_HuggingFaceTB__SmolLM2-135M-Instruct,final_smollm2_chat_retrieval96_seed37_confirm_thr01_besttol_w384,HuggingFaceTB/SmolLM2-135M-Instruct,chat_template,24,0.01,0.36,calibration,sink4_window_320,48,1152,0.0665278482387756,0.0201577052474022,6.611702919006348,0.0147569444444444,0.9515411030699716,266.5286458333333,285.7708333333333,0.138683535335834,actual_replay
outputs/experiments/20260709_153604_895075_final_smollm2_chat_retrieval96_seed37_confirm_thr01_besttol_w384_HuggingFaceTB__SmolLM2-135M-Instruct,final_smollm2_chat_retrieval96_seed37_confirm_thr01_besttol_w384,HuggingFaceTB/SmolLM2-135M-Instruct,chat_template,24,0.01,0.36,calibration,sink4_window_384,48,1152,0.0006036368409251,0.0001951022175489,0.0924810618162155,0.0,0.9932141908553492,283.0295138888889,285.7708333333333,0.1380439556242992,actual_replay
outputs/experiments/20260709_153604_895075_final_smollm2_chat_retrieval96_seed37_confirm_thr01_besttol_w384_HuggingFaceTB__SmolLM2-135M-Instruct,final_smollm2_chat_retrieval96_seed37_confirm_thr01_besttol_w384,HuggingFaceTB/SmolLM2-135M-Instruct,chat_template,24,0.01,0.36,calibration,sink4_window_64,48,1152,0.5056660877979706,3.495183432102206,9.025900840759276,0.1189236111111111,0.2617074064672754,68.0,285.7708333333333,0.1419391600851567,actual_replay
outputs/experiments/20260709_153604_895075_final_smollm2_chat_retrieval96_seed37_confirm_thr01_besttol_w384_HuggingFaceTB__SmolLM2-135M-Instruct,final_smollm2_chat_retrieval96_seed37_confirm_thr01_besttol_w384,HuggingFaceTB/SmolLM2-135M-Instruct,chat_template,24,0.01,0.36,calibration,uckv_budget,48,1152,0.0024689932394313,0.0132387335877865,0.1250593662261963,0.0017361111111111,0.9022408420225708,264.01128472222223,285.7708333333333,0.1540679648802425,actual_replay
outputs/experiments/20260709_153604_895075_final_smollm2_chat_retrieval96_seed37_confirm_thr01_besttol_w384_HuggingFaceTB__SmolLM2-135M-Instruct,final_smollm2_chat_retrieval96_seed37_confirm_thr01_besttol_w384,HuggingFaceTB/SmolLM2-135M-Instruct,chat_template,24,0.01,0.36,calibration,uckv_entropy_adaptive,48,1152,1.8654143088617043,7.197398734092713,13.534844398498535,0.3602430555555556,0.0634460380622762,16.3046875,285.7708333333333,0.1408721754209081,actual_replay
outputs/experiments/20260709_153604_895075_final_smollm2_chat_retrieval96_seed37_confirm_thr01_besttol_w384_HuggingFaceTB__SmolLM2-135M-Instruct,final_smollm2_chat_retrieval96_seed37_confirm_thr01_besttol_w384,HuggingFaceTB/SmolLM2-135M-Instruct,chat_template,24,0.01,0.36,calibration,window_16,48,1152,6.9178201043491,20.599691104888915,28.398963928222656,0.8168402777777778,0.0615782132864177,16.0,285.7708333333333,0.1464403229512451,actual_replay
outputs/experiments/20260709_153604_895075_final_smollm2_chat_retrieval96_seed37_confirm_thr01_besttol_w384_HuggingFaceTB__SmolLM2-135M-Instruct,final_smollm2_chat_retrieval96_seed37_confirm_thr01_besttol_w384,HuggingFaceTB/SmolLM2-135M-Instruct,chat_template,24,0.01,0.36,evaluation,full,48,1152,0.0,0.0,0.0,0.0,1.0,286.1041666666667,286.1041666666667,0.141117770688753,actual_replay
outputs/experiments/20260709_153604_895075_final_smollm2_chat_retrieval96_seed37_confirm_thr01_besttol_w384_HuggingFaceTB__SmolLM2-135M-Instruct,final_smollm2_chat_retrieval96_seed37_confirm_thr01_besttol_w384,HuggingFaceTB/SmolLM2-135M-Instruct,chat_template,24,0.01,0.36,evaluation,sink4_window_128,48,1152,0.3423686857528928,3.004307484626771,10.822336196899414,0.0972222222222222,0.5075081676912757,132.0,286.1041666666667,0.1437979116797376,actual_replay
outputs/experiments/20260709_153604_895075_final_smollm2_chat_retrieval96_seed37_confirm_thr01_besttol_w384_HuggingFaceTB__SmolLM2-135M-Instruct,final_smollm2_chat_retrieval96_seed37_confirm_thr01_besttol_w384,HuggingFaceTB/SmolLM2-135M-Instruct,chat_template,24,0.01,0.36,evaluation,sink4_window_192,48,1152,0.1409102028225231,0.1887616947293289,8.011609077453613,0.0407986111111111,0.7222633205951541,190.625,286.1041666666667,0.1484440372168541,actual_replay
outputs/experiments/20260709_153604_895075_final_smollm2_chat_retrieval96_seed37_confirm_thr01_besttol_w384_HuggingFaceTB__SmolLM2-135M-Instruct,final_smollm2_chat_retrieval96_seed37_confirm_thr01_besttol_w384,HuggingFaceTB/SmolLM2-135M-Instruct,chat_template,24,0.01,0.36,evaluation,sink4_window_256,48,1152,0.1344044910476315,0.0853669386357069,8.329038619995117,0.03125,0.8640225252014623,235.59722222222223,286.1041666666667,0.1435346262308788,actual_replay
outputs/experiments/20260709_153604_895075_final_smollm2_chat_retrieval96_seed37_confirm_thr01_besttol_w384_HuggingFaceTB__SmolLM2-135M-Instruct,final_smollm2_chat_retrieval96_seed37_confirm_thr01_besttol_w384,HuggingFaceTB/SmolLM2-135M-Instruct,chat_template,24,0.01,0.36,evaluation,sink4_window_32,48,1152,0.7407521961831354,4.418382787704469,10.432223320007324,0.171875,0.138411318461257,36.0,286.1041666666667,0.1404562409980927,actual_replay
outputs/experiments/20260709_153604_895075_final_smollm2_chat_retrieval96_seed37_confirm_thr01_besttol_w384_HuggingFaceTB__SmolLM2-135M-Instruct,final_smollm2_chat_retrieval96_seed37_confirm_thr01_besttol_w384,HuggingFaceTB/SmolLM2-135M-Instruct,chat_template,24,0.01,0.36,evaluation,sink4_window_320,48,1152,0.0664084740971742,0.0171229943633079,8.016474723815918,0.0130208333333333,0.9512313019453632,266.82899305555554,286.1041666666667,0.1412957217162329,actual_replay
outputs/experiments/20260709_153604_895075_final_smollm2_chat_retrieval96_seed37_confirm_thr01_besttol_w384_HuggingFaceTB__SmolLM2-135M-Instruct,final_smollm2_chat_retrieval96_seed37_confirm_thr01_besttol_w384,HuggingFaceTB/SmolLM2-135M-Instruct,chat_template,24,0.01,0.36,evaluation,sink4_window_384,48,1152,0.0006128308618319,0.0001216542812471,0.1321985423564911,0.0,0.9937181067193274,283.56944444444446,286.1041666666667,0.1361265250277736,actual_replay
outputs/experiments/20260709_153604_895075_final_smollm2_chat_retrieval96_seed37_confirm_thr01_besttol_w384_HuggingFaceTB__SmolLM2-135M-Instruct,final_smollm2_chat_retrieval96_seed37_confirm_thr01_besttol_w384,HuggingFaceTB/SmolLM2-135M-Instruct,chat_template,24,0.01,0.36,evaluation,sink4_window_64,48,1152,0.5294156074684866,3.667529833316803,10.775345802307127,0.1276041666666666,0.2614436015379299,68.0,286.1041666666667,0.1419718543853984,actual_replay
outputs/experiments/20260709_153604_895075_final_smollm2_chat_retrieval96_seed37_confirm_thr01_besttol_w384_HuggingFaceTB__SmolLM2-135M-Instruct,final_smollm2_chat_retrieval96_seed37_confirm_thr01_besttol_w384,HuggingFaceTB/SmolLM2-135M-Instruct,chat_template,24,0.01,0.36,evaluation,uckv_budget,48,1152,0.0036286517730849,0.015907597541809,0.451121985912323,0.0095486111111111,0.8982404454859881,263.1701388888889,286.1041666666667,0.1522265251786747,actual_replay
outputs/experiments/20260709_153604_895075_final_smollm2_chat_retrieval96_seed37_confirm_thr01_besttol_w384_HuggingFaceTB__SmolLM2-135M-Instruct,final_smollm2_chat_retrieval96_seed37_confirm_thr01_besttol_w384,HuggingFaceTB/SmolLM2-135M-Instruct,chat_template,24,0.01,0.36,evaluation,uckv_entropy_adaptive,48,1152,1.9460493044709948,7.925713157653809,16.224260330200195,0.3619791666666667,0.0654016131939751,16.9296875,286.1041666666667,0.1380529276936815,actual_replay
outputs/experiments/20260709_153604_895075_final_smollm2_chat_retrieval96_seed37_confirm_thr01_besttol_w384_HuggingFaceTB__SmolLM2-135M-Instruct,final_smollm2_chat_retrieval96_seed37_confirm_thr01_besttol_w384,HuggingFaceTB/SmolLM2-135M-Instruct,chat_template,24,0.01,0.36,evaluation,window_16,48,1152,6.48648262691836,18.69290180206299,28.749935150146484,0.7942708333333334,0.0615161415383364,16.0,286.1041666666667,0.1438468976806083,actual_replay
outputs/experiments/20260710_094755_358986_stability_smollm2_chat_retrieval96_seed41_confirm_thr01_tol036_w384_HuggingFaceTB__SmolLM2-135M-Instruct,stability_smollm2_chat_retrieval96_seed41_confirm_thr01_tol036_w384,HuggingFaceTB/SmolLM2-135M-Instruct,chat_template,24,0.01,0.36,calibration,full,48,1152,0.0,0.0,0.0,0.0,1.0,285.2708333333333,285.2708333333333,0.1097007578836802,actual_replay
outputs/experiments/20260710_094755_358986_stability_smollm2_chat_retrieval96_seed41_confirm_thr01_tol036_w384_HuggingFaceTB__SmolLM2-135M-Instruct,stability_smollm2_chat_retrieval96_seed41_confirm_thr01_tol036_w384,HuggingFaceTB/SmolLM2-135M-Instruct,chat_template,24,0.01,0.36,calibration,sink4_window_128,48,1152,0.3279180932577296,2.890583026409149,8.131336212158203,0.0720486111111111,0.5092785833512186,132.0,285.2708333333333,0.1138108846918418,actual_replay
outputs/experiments/20260710_094755_358986_stability_smollm2_chat_retrieval96_seed41_confirm_thr01_tol036_w384_HuggingFaceTB__SmolLM2-135M-Instruct,stability_smollm2_chat_retrieval96_seed41_confirm_thr01_tol036_w384,HuggingFaceTB/SmolLM2-135M-Instruct,chat_template,24,0.01,0.36,calibration,sink4_window_192,48,1152,0.1424096917872676,0.1803217552602316,7.227391719818115,0.0321180555555555,0.7230051734033656,190.33333333333331,285.2708333333333,0.1128960446736147,actual_replay
outputs/experiments/20260710_094755_358986_stability_smollm2_chat_retrieval96_seed41_confirm_thr01_tol036_w384_HuggingFaceTB__SmolLM2-135M-Instruct,stability_smollm2_chat_retrieval96_seed41_confirm_thr01_tol036_w384,HuggingFaceTB/SmolLM2-135M-Instruct,chat_template,24,0.01,0.36,calibration,sink4_window_256,48,1152,0.1211487301357869,0.0696032755076885,7.707000732421875,0.0251736111111111,0.8656593688437187,235.46354166666663,285.2708333333333,0.1129363049053837,actual_replay
outputs/experiments/20260710_094755_358986_stability_smollm2_chat_retrieval96_seed41_confirm_thr01_tol036_w384_HuggingFaceTB__SmolLM2-135M-Instruct,stability_smollm2_chat_retrieval96_seed41_confirm_thr01_tol036_w384,HuggingFaceTB/SmolLM2-135M-Instruct,chat_template,24,0.01,0.36,calibration,sink4_window_32,48,1152,0.7347504089389556,4.1319023132324215,8.00280475616455,0.1571180555555555,0.1388941590957868,36.0,285.2708333333333,0.114218326823787,actual_replay
outputs/experiments/20260710_094755_358986_stability_smollm2_chat_retrieval96_seed41_confirm_thr01_tol036_w384_HuggingFaceTB__SmolLM2-135M-Instruct,stability_smollm2_chat_retrieval96_seed41_confirm_thr01_tol036_w384,HuggingFaceTB/SmolLM2-135M-Instruct,chat_template,24,0.01,0.36,calibration,sink4_window_320,48,1152,0.0697822969584512,0.0182222933508455,8.43465518951416,0.0147569444444444,0.952221445422439,266.3489583333333,285.2708333333333,0.1113284295433977,actual_replay
outputs/experiments/20260710_094755_358986_stability_smollm2_chat_retrieval96_seed41_confirm_thr01_tol036_w384_HuggingFaceTB__SmolLM2-135M-Instruct,stability_smollm2_chat_retrieval96_seed41_confirm_thr01_tol036_w384,HuggingFaceTB/SmolLM2-135M-Instruct,chat_template,24,0.01,0.36,calibration,sink4_window_384,48,1152,0.0005253695011975,0.0001175759145553,0.1506313383579254,0.0017361111111111,0.9937704556447295,282.74913194444446,285.2708333333333,0.1106044449157974,actual_replay
outputs/experiments/20260710_094755_358986_stability_smollm2_chat_retrieval96_seed41_confirm_thr01_tol036_w384_HuggingFaceTB__SmolLM2-135M-Instruct,stability_smollm2_chat_retrieval96_seed41_confirm_thr01_tol036_w384,HuggingFaceTB/SmolLM2-135M-Instruct,chat_template,24,0.01,0.36,calibration,sink4_window_64,48,1152,0.520740707689835,3.5716640353202846,7.82363748550415,0.1154513888888889,0.2623556338475974,68.0,285.2708333333333,0.113377997394966,actual_replay
outputs/experiments/20260710_094755_358986_stability_smollm2_chat_retrieval96_seed41_confirm_thr01_tol036_w384_HuggingFaceTB__SmolLM2-135M-Instruct,stability_smollm2_chat_retrieval96_seed41_confirm_thr01_tol036_w384,HuggingFaceTB/SmolLM2-135M-Instruct,chat_template,24,0.01,0.36,calibration,uckv_budget,48,1152,0.0028769284891378,0.0155004671774804,0.1506313383579254,0.0052083333333333,0.8842919569136094,257.99913194444446,285.2708333333333,0.1166220268758648,actual_replay
outputs/experiments/20260710_094755_358986_stability_smollm2_chat_retrieval96_seed41_confirm_thr01_tol036_w384_HuggingFaceTB__SmolLM2-135M-Instruct,stability_smollm2_chat_retrieval96_seed41_confirm_thr01_tol036_w384,HuggingFaceTB/SmolLM2-135M-Instruct,chat_template,24,0.01,0.36,calibration,uckv_entropy_adaptive,48,1152,1.857176761281716,7.258255863189699,13.747838020324709,0.3472222222222222,0.0640750233462419,16.485243055555557,285.2708333333333,0.1120178231727438,actual_replay
outputs/experiments/20260710_094755_358986_stability_smollm2_chat_retrieval96_seed41_confirm_thr01_tol036_w384_HuggingFaceTB__SmolLM2-135M-Instruct,stability_smollm2_chat_retrieval96_seed41_confirm_thr01_tol036_w384,HuggingFaceTB/SmolLM2-135M-Instruct,chat_template,24,0.01,0.36,calibration,window_16,48,1152,6.976086230850367,20.695472621917723,29.01591682434082,0.8125,0.0617307373759052,16.0,285.2708333333333,0.1150373134071153,actual_replay
outputs/experiments/20260710_094755_358986_stability_smollm2_chat_retrieval96_seed41_confirm_thr01_tol036_w384_HuggingFaceTB__SmolLM2-135M-Instruct,stability_smollm2_chat_retrieval96_seed41_confirm_thr01_tol036_w384,HuggingFaceTB/SmolLM2-135M-Instruct,chat_template,24,0.01,0.36,evaluation,full,48,1152,0.0,0.0,0.0,0.0,1.0,285.4375,285.4375,0.1099725737473902,actual_replay
outputs/experiments/20260710_094755_358986_stability_smollm2_chat_retrieval96_seed41_confirm_thr01_tol036_w384_HuggingFaceTB__SmolLM2-135M-Instruct,stability_smollm2_chat_retrieval96_seed41_confirm_thr01_tol036_w384,HuggingFaceTB/SmolLM2-135M-Instruct,chat_template,24,0.01,0.36,evaluation,sink4_window_128,48,1152,0.3373345253183256,3.040054976940157,9.211323738098145,0.0972222222222222,0.5088904057636253,132.0,285.4375,0.1136998258480896,actual_replay
outputs/experiments/20260710_094755_358986_stability_smollm2_chat_retrieval96_seed41_confirm_thr01_tol036_w384_HuggingFaceTB__SmolLM2-135M-Instruct,stability_smollm2_chat_retrieval96_seed41_confirm_thr01_tol036_w384,HuggingFaceTB/SmolLM2-135M-Instruct,chat_template,24,0.01,0.36,evaluation,sink4_window_192,48,1152,0.1467937933495456,0.2028214000165463,6.277683734893799,0.0451388888888888,0.7229392676574298,190.41666666666663,285.4375,0.1135524576059015,actual_replay
outputs/experiments/20260710_094755_358986_stability_smollm2_chat_retrieval96_seed41_confirm_thr01_tol036_w384_HuggingFaceTB__SmolLM2-135M-Instruct,stability_smollm2_chat_retrieval96_seed41_confirm_thr01_tol036_w384,HuggingFaceTB/SmolLM2-135M-Instruct,chat_template,24,0.01,0.36,evaluation,sink4_window_256,48,1152,0.1435996618390945,0.1242750443518166,6.291531085968018,0.0303819444444444,0.8654639735477749,235.515625,285.4375,0.1135875376154492,actual_replay
outputs/experiments/20260710_094755_358986_stability_smollm2_chat_retrieval96_seed41_confirm_thr01_tol036_w384_HuggingFaceTB__SmolLM2-135M-Instruct,stability_smollm2_chat_retrieval96_seed41_confirm_thr01_tol036_w384,HuggingFaceTB/SmolLM2-135M-Instruct,chat_template,24,0.01,0.36,evaluation,sink4_window_32,48,1152,0.722389499873718,4.474338698387148,8.970389366149902,0.1684027777777778,0.1387882924809887,36.0,285.4375,0.1136100804401039,actual_replay
outputs/experiments/20260710_094755_358986_stability_smollm2_chat_retrieval96_seed41_confirm_thr01_tol036_w384_HuggingFaceTB__SmolLM2-135M-Instruct,stability_smollm2_chat_retrieval96_seed41_confirm_thr01_tol036_w384,HuggingFaceTB/SmolLM2-135M-Instruct,chat_template,24,0.01,0.36,evaluation,sink4_window_320,48,1152,0.0712756157245924,0.0161974911578,5.841389179229736,0.0138888888888888,0.9518474028818346,266.3854166666667,285.4375,0.1117085096223959,actual_replay
outputs/experiments/20260710_094755_358986_stability_smollm2_chat_retrieval96_seed41_confirm_thr01_tol036_w384_HuggingFaceTB__SmolLM2-135M-Instruct,stability_smollm2_chat_retrieval96_seed41_confirm_thr01_tol036_w384,HuggingFaceTB/SmolLM2-135M-Instruct,chat_template,24,0.01,0.36,evaluation,sink4_window_384,48,1152,0.0004628113062794,0.0001578103780047,0.1051722168922424,0.0,0.9937843149003848,282.93055555555554,285.4375,0.110847776399306,actual_replay
outputs/experiments/20260710_094755_358986_stability_smollm2_chat_retrieval96_seed41_confirm_thr01_tol036_w384_HuggingFaceTB__SmolLM2-135M-Instruct,stability_smollm2_chat_retrieval96_seed41_confirm_thr01_tol036_w384,HuggingFaceTB/SmolLM2-135M-Instruct,chat_template,24,0.01,0.36,evaluation,sink4_window_64,48,1152,0.5261584425943391,3.69269849061966,9.09831428527832,0.1310763888888889,0.2621556635752009,68.0,285.4375,0.113649362741321,actual_replay
outputs/experiments/20260710_094755_358986_stability_smollm2_chat_retrieval96_seed41_confirm_thr01_tol036_w384_HuggingFaceTB__SmolLM2-135M-Instruct,stability_smollm2_chat_retrieval96_seed41_confirm_thr01_tol036_w384,HuggingFaceTB/SmolLM2-135M-Instruct,chat_template,24,0.01,0.36,evaluation,uckv_budget,48,1152,0.003091288050295,0.0160853384062647,0.1291078478097915,0.0173611111111111,0.8778079522957274,256.23350694444446,285.4375,0.1161527120624994,actual_replay
outputs/experiments/20260710_094755_358986_stability_smollm2_chat_retrieval96_seed41_confirm_thr01_tol036_w384_HuggingFaceTB__SmolLM2-135M-Instruct,stability_smollm2_chat_retrieval96_seed41_confirm_thr01_tol036_w384,HuggingFaceTB/SmolLM2-135M-Instruct,chat_template,24,0.01,0.36,evaluation,uckv_entropy_adaptive,48,1152,1.7374253012993526,6.888426470756536,16.11558723449707,0.3289930555555556,0.0666449349109055,17.203125,285.4375,0.1125925191701403,actual_replay
outputs/experiments/20260710_094755_358986_stability_smollm2_chat_retrieval96_seed41_confirm_thr01_tol036_w384_HuggingFaceTB__SmolLM2-135M-Instruct,stability_smollm2_chat_retrieval96_seed41_confirm_thr01_tol036_w384,HuggingFaceTB/SmolLM2-135M-Instruct,chat_template,24,0.01,0.36,evaluation,window_16,48,1152,6.400536674917526,18.86181964874268,28.236173629760746,0.7769097222222222,0.0616836855471061,16.0,285.4375,0.1149111062239553,actual_replay
outputs/experiments/20260710_110047_547783_stability_smollm2_chat_retrieval96_seed43_confirm_thr01_tol036_w384_HuggingFaceTB__SmolLM2-135M-Instruct,stability_smollm2_chat_retrieval96_seed43_confirm_thr01_tol036_w384,HuggingFaceTB/SmolLM2-135M-Instruct,chat_template,24,0.01,0.36,calibration,full,48,1152,0.0,0.0,0.0,0.0,1.0,286.0833333333333,286.0833333333333,0.1078346159192686,actual_replay
outputs/experiments/20260710_110047_547783_stability_smollm2_chat_retrieval96_seed43_confirm_thr01_tol036_w384_HuggingFaceTB__SmolLM2-135M-Instruct,stability_smollm2_chat_retrieval96_seed43_confirm_thr01_tol036_w384,HuggingFaceTB/SmolLM2-135M-Instruct,chat_template,24,0.01,0.36,calibration,sink4_window_128,48,1152,0.3126153831644074,2.8318877220153813,8.426002502441406,0.078125,0.5080432762865981,132.0,286.0833333333333,0.1124534282048617,actual_replay
outputs/experiments/20260710_110047_547783_stability_smollm2_chat_retrieval96_seed43_confirm_thr01_tol036_w384_HuggingFaceTB__SmolLM2-135M-Instruct,stability_smollm2_chat_retrieval96_seed43_confirm_thr01_tol036_w384,HuggingFaceTB/SmolLM2-135M-Instruct,chat_template,24,0.01,0.36,calibration,sink4_window_192,48,1152,0.1636586364896974,0.5015308320522347,6.670706272125244,0.0442708333333333,0.7218726705874182,190.45833333333331,286.0833333333333,0.1113562918081593,actual_replay
outputs/experiments/20260710_110047_547783_stability_smollm2_chat_retrieval96_seed43_confirm_thr01_tol036_w384_HuggingFaceTB__SmolLM2-135M-Instruct,stability_smollm2_chat_retrieval96_seed43_confirm_thr01_tol036_w384,HuggingFaceTB/SmolLM2-135M-Instruct,chat_template,24,0.01,0.36,calibration,sink4_window_256,48,1152,0.1252009941814925,0.0889990948140621,6.988746166229248,0.03125,0.8635996200057987,235.45486111111111,286.0833333333333,0.1103130196058954,actual_replay
outputs/experiments/20260710_110047_547783_stability_smollm2_chat_retrieval96_seed43_confirm_thr01_tol036_w384_HuggingFaceTB__SmolLM2-135M-Instruct,stability_smollm2_chat_retrieval96_seed43_confirm_thr01_tol036_w384,HuggingFaceTB/SmolLM2-135M-Instruct,chat_template,24,0.01,0.36,calibration,sink4_window_32,48,1152,0.7213590058366403,4.131444001197816,9.93467140197754,0.1571180555555555,0.1385572571690722,36.0,286.0833333333333,0.1118108775729164,actual_replay
outputs/experiments/20260710_110047_547783_stability_smollm2_chat_retrieval96_seed43_confirm_thr01_tol036_w384_HuggingFaceTB__SmolLM2-135M-Instruct,stability_smollm2_chat_retrieval96_seed43_confirm_thr01_tol036_w384,HuggingFaceTB/SmolLM2-135M-Instruct,chat_template,24,0.01,0.36,calibration,sink4_window_320,48,1152,0.0667263488317397,0.0177024838514626,6.928409576416016,0.0130208333333333,0.9510883748933208,266.7986111111111,286.0833333333333,0.1097149653498235,actual_replay
outputs/experiments/20260710_110047_547783_stability_smollm2_chat_retrieval96_seed43_confirm_thr01_tol036_w384_HuggingFaceTB__SmolLM2-135M-Instruct,stability_smollm2_chat_retrieval96_seed43_confirm_thr01_tol036_w384,HuggingFaceTB/SmolLM2-135M-Instruct,chat_template,24,0.01,0.36,calibration,sink4_window_384,48,1152,0.0006648995944683,0.00017294083882,0.1116403639316558,0.0,0.9939904542787406,283.6614583333333,286.0833333333333,0.1085913626293325,actual_replay
outputs/experiments/20260710_110047_547783_stability_smollm2_chat_retrieval96_seed43_confirm_thr01_tol036_w384_HuggingFaceTB__SmolLM2-135M-Instruct,stability_smollm2_chat_retrieval96_seed43_confirm_thr01_tol036_w384,HuggingFaceTB/SmolLM2-135M-Instruct,chat_template,24,0.01,0.36,calibration,sink4_window_64,48,1152,0.5006780761632157,3.450364995002747,9.07104778289795,0.1154513888888889,0.2617192635415808,68.0,286.0833333333333,0.1114283841163133,actual_replay
outputs/experiments/20260710_110047_547783_stability_smollm2_chat_retrieval96_seed43_confirm_thr01_tol036_w384_HuggingFaceTB__SmolLM2-135M-Instruct,stability_smollm2_chat_retrieval96_seed43_confirm_thr01_tol036_w384,HuggingFaceTB/SmolLM2-135M-Instruct,chat_template,24,0.01,0.36,calibration,uckv_budget,48,1152,0.0021055180948686,0.0108544095885008,0.1116403639316558,0.0034722222222222,0.923488138349112,268.7907986111111,286.0833333333333,0.1161968851284724,actual_replay
outputs/experiments/20260710_110047_547783_stability_smollm2_chat_retrieval96_seed43_confirm_thr01_tol036_w384_HuggingFaceTB__SmolLM2-135M-Instruct,stability_smollm2_chat_retrieval96_seed43_confirm_thr01_tol036_w384,HuggingFaceTB/SmolLM2-135M-Instruct,chat_template,24,0.01,0.36,calibration,uckv_entropy_adaptive,48,1152,1.9024559724012045,7.278858947753908,14.211044311523438,0.3671875,0.0631006347808427,16.313368055555557,286.0833333333333,0.110401287322053,actual_replay
outputs/experiments/20260710_110047_547783_stability_smollm2_chat_retrieval96_seed43_confirm_thr01_tol036_w384_HuggingFaceTB__SmolLM2-135M-Instruct,stability_smollm2_chat_retrieval96_seed43_confirm_thr01_tol036_w384,HuggingFaceTB/SmolLM2-135M-Instruct,chat_template,24,0.01,0.36,calibration,window_16,48,1152,6.959511572672202,20.545132827758795,28.420076370239254,0.8125,0.0615810031862543,16.0,286.0833333333333,0.1125398404600683,actual_replay
outputs/experiments/20260710_110047_547783_stability_smollm2_chat_retrieval96_seed43_confirm_thr01_tol036_w384_HuggingFaceTB__SmolLM2-135M-Instruct,stability_smollm2_chat_retrieval96_seed43_confirm_thr01_tol036_w384,HuggingFaceTB/SmolLM2-135M-Instruct,chat_template,24,0.01,0.36,evaluation,full,48,1152,0.0,0.0,0.0,0.0,1.0,285.4166666666667,285.4166666666667,0.1078025334184107,actual_replay
outputs/experiments/20260710_110047_547783_stability_smollm2_chat_retrieval96_seed43_confirm_thr01_tol036_w384_HuggingFaceTB__SmolLM2-135M-Instruct,stability_smollm2_chat_retrieval96_seed43_confirm_thr01_tol036_w384,HuggingFaceTB/SmolLM2-135M-Instruct,chat_template,24,0.01,0.36,evaluation,sink4_window_128,48,1152,0.3430765235624397,3.0984325408935547,8.774462699890137,0.0954861111111111,0.5089346625614448,132.0,285.4166666666667,0.1121042703619789,actual_replay
outputs/experiments/20260710_110047_547783_stability_smollm2_chat_retrieval96_seed43_confirm_thr01_tol036_w384_HuggingFaceTB__SmolLM2-135M-Instruct,stability_smollm2_chat_retrieval96_seed43_confirm_thr01_tol036_w384,HuggingFaceTB/SmolLM2-135M-Instruct,chat_template,24,0.01,0.36,evaluation,sink4_window_192,48,1152,0.1625047285500191,0.466673026978972,6.417058944702148,0.0546875,0.7238705231621574,190.54166666666663,285.4166666666667,0.1109827471458307,actual_replay
outputs/experiments/20260710_110047_547783_stability_smollm2_chat_retrieval96_seed43_confirm_thr01_tol036_w384_HuggingFaceTB__SmolLM2-135M-Instruct,stability_smollm2_chat_retrieval96_seed43_confirm_thr01_tol036_w384,HuggingFaceTB/SmolLM2-135M-Instruct,chat_template,24,0.01,0.36,evaluation,sink4_window_256,48,1152,0.1394285147707023,0.1337483860552312,6.02363920211792,0.0381944444444444,0.864537042800606,235.13628472222223,285.4166666666667,0.1103244683185775,actual_replay
outputs/experiments/20260710_110047_547783_stability_smollm2_chat_retrieval96_seed43_confirm_thr01_tol036_w384_HuggingFaceTB__SmolLM2-135M-Instruct,stability_smollm2_chat_retrieval96_seed43_confirm_thr01_tol036_w384,HuggingFaceTB/SmolLM2-135M-Instruct,chat_template,24,0.01,0.36,evaluation,sink4_window_32,48,1152,0.7353979979606715,4.453045749664307,8.96275806427002,0.1666666666666666,0.1388003625167576,36.0,285.4166666666667,0.111797947157991,actual_replay
outputs/experiments/20260710_110047_547783_stability_smollm2_chat_retrieval96_seed43_confirm_thr01_tol036_w384_HuggingFaceTB__SmolLM2-135M-Instruct,stability_smollm2_chat_retrieval96_seed43_confirm_thr01_tol036_w384,HuggingFaceTB/SmolLM2-135M-Instruct,chat_template,24,0.01,0.36,evaluation,sink4_window_320,48,1152,0.0712555018895768,0.021831929218024,6.455458641052246,0.0164930555555555,0.9516262313164864,266.2994791666667,285.4166666666667,0.109817091798607,actual_replay
outputs/experiments/20260710_110047_547783_stability_smollm2_chat_retrieval96_seed43_confirm_thr01_tol036_w384_HuggingFaceTB__SmolLM2-135M-Instruct,stability_smollm2_chat_retrieval96_seed43_confirm_thr01_tol036_w384,HuggingFaceTB/SmolLM2-135M-Instruct,chat_template,24,0.01,0.36,evaluation,sink4_window_384,48,1152,0.0005648279932788,0.0001731165786623,0.1195377185940742,0.0008680555555555,0.9938582621844402,282.9392361111111,285.4166666666667,0.1088170593168342,actual_replay
outputs/experiments/20260710_110047_547783_stability_smollm2_chat_retrieval96_seed43_confirm_thr01_tol036_w384_HuggingFaceTB__SmolLM2-135M-Instruct,stability_smollm2_chat_retrieval96_seed43_confirm_thr01_tol036_w384,HuggingFaceTB/SmolLM2-135M-Instruct,chat_template,24,0.01,0.36,evaluation,sink4_window_64,48,1152,0.5131054691228891,3.704876077175141,8.930375099182129,0.1319444444444444,0.2621784625316534,68.0,285.4166666666667,0.111667623300352,actual_replay
outputs/experiments/20260710_110047_547783_stability_smollm2_chat_retrieval96_seed43_confirm_thr01_tol036_w384_HuggingFaceTB__SmolLM2-135M-Instruct,stability_smollm2_chat_retrieval96_seed43_confirm_thr01_tol036_w384,HuggingFaceTB/SmolLM2-135M-Instruct,chat_template,24,0.01,0.36,evaluation,uckv_budget,48,1152,0.0039198126502283,0.01523605780676,0.5372188091278076,0.0121527777777777,0.9114284638040284,265.4010416666667,285.4166666666667,0.1154509242274331,actual_replay
outputs/experiments/20260710_110047_547783_stability_smollm2_chat_retrieval96_seed43_confirm_thr01_tol036_w384_HuggingFaceTB__SmolLM2-135M-Instruct,stability_smollm2_chat_retrieval96_seed43_confirm_thr01_tol036_w384,HuggingFaceTB/SmolLM2-135M-Instruct,chat_template,24,0.01,0.36,evaluation,uckv_entropy_adaptive,48,1152,1.972738690635119,8.02648210525513,16.2579345703125,0.3671875,0.064622265313139,16.65277777777778,285.4166666666667,0.1099718630633772,actual_replay
outputs/experiments/20260710_110047_547783_stability_smollm2_chat_retrieval96_seed43_confirm_thr01_tol036_w384_HuggingFaceTB__SmolLM2-135M-Instruct,stability_smollm2_chat_retrieval96_seed43_confirm_thr01_tol036_w384,HuggingFaceTB/SmolLM2-135M-Instruct,chat_template,24,0.01,0.36,evaluation,window_16,48,1152,6.386635010435965,18.227900981903087,29.136945724487305,0.7821180555555556,0.0616890500074478,16.0,285.4166666666667,0.1126771085078088,actual_replay
outputs/experiments/20260710_121206_625803_stability_smollm2_chat_retrieval96_seed47_confirm_thr01_tol036_w384_HuggingFaceTB__SmolLM2-135M-Instruct,stability_smollm2_chat_retrieval96_seed47_confirm_thr01_tol036_w384,HuggingFaceTB/SmolLM2-135M-Instruct,chat_template,24,0.01,0.36,calibration,full,48,1152,0.0,0.0,0.0,0.0,1.0,286.4583333333333,286.4583333333333,0.1090342512282992,actual_replay
outputs/experiments/20260710_121206_625803_stability_smollm2_chat_retrieval96_seed47_confirm_thr01_tol036_w384_HuggingFaceTB__SmolLM2-135M-Instruct,stability_smollm2_chat_retrieval96_seed47_confirm_thr01_tol036_w384,HuggingFaceTB/SmolLM2-135M-Instruct,chat_template,24,0.01,0.36,calibration,sink4_window_128,48,1152,0.338669058332734,2.869108617305756,9.889058113098145,0.0859375,0.5062543024645008,132.0,286.4583333333333,0.1131070939670103,actual_replay
outputs/experiments/20260710_121206_625803_stability_smollm2_chat_retrieval96_seed47_confirm_thr01_tol036_w384_HuggingFaceTB__SmolLM2-135M-Instruct,stability_smollm2_chat_retrieval96_seed47_confirm_thr01_tol036_w384,HuggingFaceTB/SmolLM2-135M-Instruct,chat_template,24,0.01,0.36,calibration,sink4_window_192,48,1152,0.1588259609761654,0.5023312717676193,6.552857875823975,0.0503472222222222,0.7212885274294373,190.77083333333331,286.4583333333333,0.112345207969625,actual_replay
outputs/experiments/20260710_121206_625803_stability_smollm2_chat_retrieval96_seed47_confirm_thr01_tol036_w384_HuggingFaceTB__SmolLM2-135M-Instruct,stability_smollm2_chat_retrieval96_seed47_confirm_thr01_tol036_w384,HuggingFaceTB/SmolLM2-135M-Instruct,chat_template,24,0.01,0.36,calibration,sink4_window_256,48,1152,0.1436970690763485,0.1670216701924805,6.951135635375977,0.0381944444444444,0.8643927819752881,236.13194444444449,286.4583333333333,0.1112302521345548,actual_replay
outputs/experiments/20260710_121206_625803_stability_smollm2_chat_retrieval96_seed47_confirm_thr01_tol036_w384_HuggingFaceTB__SmolLM2-135M-Instruct,stability_smollm2_chat_retrieval96_seed47_confirm_thr01_tol036_w384,HuggingFaceTB/SmolLM2-135M-Instruct,chat_template,24,0.01,0.36,calibration,sink4_window_32,48,1152,0.7252178904875115,3.9441868185997024,12.091279029846191,0.1588541666666666,0.1380693552175911,36.0,286.4583333333333,0.1131896421093709,actual_replay
outputs/experiments/20260710_121206_625803_stability_smollm2_chat_retrieval96_seed47_confirm_thr01_tol036_w384_HuggingFaceTB__SmolLM2-135M-Instruct,stability_smollm2_chat_retrieval96_seed47_confirm_thr01_tol036_w384,HuggingFaceTB/SmolLM2-135M-Instruct,chat_template,24,0.01,0.36,calibration,sink4_window_320,48,1152,0.0712033696282616,0.0287501721642911,8.241236686706543,0.0190972222222222,0.9515284529960784,267.3098958333333,286.4583333333333,0.110854051686633,actual_replay
outputs/experiments/20260710_121206_625803_stability_smollm2_chat_retrieval96_seed47_confirm_thr01_tol036_w384_HuggingFaceTB__SmolLM2-135M-Instruct,stability_smollm2_chat_retrieval96_seed47_confirm_thr01_tol036_w384,HuggingFaceTB/SmolLM2-135M-Instruct,chat_template,24,0.01,0.36,calibration,sink4_window_384,48,1152,0.0004413774485379,0.0001517337906989,0.0874707996845245,0.0,0.9938161346044172,283.9609375,286.4583333333333,0.1110858166631929,actual_replay
outputs/experiments/20260710_121206_625803_stability_smollm2_chat_retrieval96_seed47_confirm_thr01_tol036_w384_HuggingFaceTB__SmolLM2-135M-Instruct,stability_smollm2_chat_retrieval96_seed47_confirm_thr01_tol036_w384,HuggingFaceTB/SmolLM2-135M-Instruct,chat_template,24,0.01,0.36,calibration,sink4_window_64,48,1152,0.5231092403586646,3.526343882083896,11.134794235229492,0.1241319444444444,0.260797670966561,68.0,286.4583333333333,0.11327983166926,actual_replay
outputs/experiments/20260710_121206_625803_stability_smollm2_chat_retrieval96_seed47_confirm_thr01_tol036_w384_HuggingFaceTB__SmolLM2-135M-Instruct,stability_smollm2_chat_retrieval96_seed47_confirm_thr01_tol036_w384,HuggingFaceTB/SmolLM2-135M-Instruct,chat_template,24,0.01,0.36,calibration,uckv_budget,48,1152,0.0044215684503787,0.0170910768210888,0.7359923124313354,0.0078125,0.9017018471733204,264.1822916666667,286.4583333333333,0.1163542832760368,actual_replay
outputs/experiments/20260710_121206_625803_stability_smollm2_chat_retrieval96_seed47_confirm_thr01_tol036_w384_HuggingFaceTB__SmolLM2-135M-Instruct,stability_smollm2_chat_retrieval96_seed47_confirm_thr01_tol036_w384,HuggingFaceTB/SmolLM2-135M-Instruct,chat_template,24,0.01,0.36,calibration,uckv_entropy_adaptive,48,1152,1.859228625620052,7.291799926757815,13.92478847503662,0.3541666666666667,0.0640001394630991,16.56423611111111,286.4583333333333,0.1131276281501701,actual_replay
outputs/experiments/20260710_121206_625803_stability_smollm2_chat_retrieval96_seed47_confirm_thr01_tol036_w384_HuggingFaceTB__SmolLM2-135M-Instruct,stability_smollm2_chat_retrieval96_seed47_confirm_thr01_tol036_w384,HuggingFaceTB/SmolLM2-135M-Instruct,chat_template,24,0.01,0.36,calibration,window_16,48,1152,6.665079307407104,20.607705879211423,30.184410095214844,0.7934027777777778,0.0613641578744849,16.0,286.4583333333333,0.1149094771770807,actual_replay
outputs/experiments/20260710_121206_625803_stability_smollm2_chat_retrieval96_seed47_confirm_thr01_tol036_w384_HuggingFaceTB__SmolLM2-135M-Instruct,stability_smollm2_chat_retrieval96_seed47_confirm_thr01_tol036_w384,HuggingFaceTB/SmolLM2-135M-Instruct,chat_template,24,0.01,0.36,evaluation,full,48,1152,0.0,0.0,0.0,0.0,1.0,286.75,286.75,0.1102064104444511,actual_replay
outputs/experiments/20260710_121206_625803_stability_smollm2_chat_retrieval96_seed47_confirm_thr01_tol036_w384_HuggingFaceTB__SmolLM2-135M-Instruct,stability_smollm2_chat_retrieval96_seed47_confirm_thr01_tol036_w384,HuggingFaceTB/SmolLM2-135M-Instruct,chat_template,24,0.01,0.36,evaluation,sink4_window_128,48,1152,0.3209237239790203,3.022903060913087,8.650020599365234,0.0963541666666666,0.506466408462194,132.0,286.75,0.1129576043880165,actual_replay
outputs/experiments/20260710_121206_625803_stability_smollm2_chat_retrieval96_seed47_confirm_thr01_tol036_w384_HuggingFaceTB__SmolLM2-135M-Instruct,stability_smollm2_chat_retrieval96_seed47_confirm_thr01_tol036_w384,HuggingFaceTB/SmolLM2-135M-Instruct,chat_template,24,0.01,0.36,evaluation,sink4_window_192,48,1152,0.1605145363952978,0.4424867033958438,8.657306671142578,0.0477430555555555,0.7212401864797061,190.70833333333331,286.75,0.1119138059236048,actual_replay
outputs/experiments/20260710_121206_625803_stability_smollm2_chat_retrieval96_seed47_confirm_thr01_tol036_w384_HuggingFaceTB__SmolLM2-135M-Instruct,stability_smollm2_chat_retrieval96_seed47_confirm_thr01_tol036_w384,HuggingFaceTB/SmolLM2-135M-Instruct,chat_template,24,0.01,0.36,evaluation,sink4_window_256,48,1152,0.1401615439525869,0.1313966944813728,8.683306694030762,0.0416666666666666,0.8635535470985567,235.89149305555557,286.75,0.1114790395998189,actual_replay
outputs/experiments/20260710_121206_625803_stability_smollm2_chat_retrieval96_seed47_confirm_thr01_tol036_w384_HuggingFaceTB__SmolLM2-135M-Instruct,stability_smollm2_chat_retrieval96_seed47_confirm_thr01_tol036_w384,HuggingFaceTB/SmolLM2-135M-Instruct,chat_template,24,0.01,0.36,evaluation,sink4_window_32,48,1152,0.735387365940422,4.410703754425049,8.557965278625488,0.1684027777777778,0.1381272023078711,36.0,286.75,0.1130307847968781,actual_replay
outputs/experiments/20260710_121206_625803_stability_smollm2_chat_retrieval96_seed47_confirm_thr01_tol036_w384_HuggingFaceTB__SmolLM2-135M-Instruct,stability_smollm2_chat_retrieval96_seed47_confirm_thr01_tol036_w384,HuggingFaceTB/SmolLM2-135M-Instruct,chat_template,24,0.01,0.36,evaluation,sink4_window_320,48,1152,0.0684695851185914,0.015301065146923,8.576643943786621,0.0138888888888888,0.9504789740573096,267.0529513888889,286.75,0.1104964076189263,actual_replay
outputs/experiments/20260710_121206_625803_stability_smollm2_chat_retrieval96_seed47_confirm_thr01_tol036_w384_HuggingFaceTB__SmolLM2-135M-Instruct,stability_smollm2_chat_retrieval96_seed47_confirm_thr01_tol036_w384,HuggingFaceTB/SmolLM2-135M-Instruct,chat_template,24,0.01,0.36,evaluation,sink4_window_384,48,1152,0.0006746962155168,0.0002352098759729,0.0969436466693878,0.0,0.9925229078567706,283.7239583333333,286.75,0.1101816061918378,actual_replay
outputs/experiments/20260710_121206_625803_stability_smollm2_chat_retrieval96_seed47_confirm_thr01_tol036_w384_HuggingFaceTB__SmolLM2-135M-Instruct,stability_smollm2_chat_retrieval96_seed47_confirm_thr01_tol036_w384,HuggingFaceTB/SmolLM2-135M-Instruct,chat_template,24,0.01,0.36,evaluation,sink4_window_64,48,1152,0.4859736260873546,3.495910167694092,8.646211624145508,0.1232638888888889,0.2609069376926454,68.0,286.75,0.1123333221171963,actual_replay
outputs/experiments/20260710_121206_625803_stability_smollm2_chat_retrieval96_seed47_confirm_thr01_tol036_w384_HuggingFaceTB__SmolLM2-135M-Instruct,stability_smollm2_chat_retrieval96_seed47_confirm_thr01_tol036_w384,HuggingFaceTB/SmolLM2-135M-Instruct,chat_template,24,0.01,0.36,evaluation,uckv_budget,48,1152,0.0049274906019959,0.0167560474015772,0.9312317371368408,0.0121527777777777,0.907885574582762,266.07899305555554,286.75,0.1141425450633669,actual_replay
outputs/experiments/20260710_121206_625803_stability_smollm2_chat_retrieval96_seed47_confirm_thr01_tol036_w384_HuggingFaceTB__SmolLM2-135M-Instruct,stability_smollm2_chat_retrieval96_seed47_confirm_thr01_tol036_w384,HuggingFaceTB/SmolLM2-135M-Instruct,chat_template,24,0.01,0.36,evaluation,uckv_entropy_adaptive,48,1152,1.9446597518270732,7.788546180725106,16.16783332824707,0.3602430555555556,0.0652623238532016,16.85503472222222,286.75,0.1108441342248277,actual_replay
outputs/experiments/20260710_121206_625803_stability_smollm2_chat_retrieval96_seed47_confirm_thr01_tol036_w384_HuggingFaceTB__SmolLM2-135M-Instruct,stability_smollm2_chat_retrieval96_seed47_confirm_thr01_tol036_w384,HuggingFaceTB/SmolLM2-135M-Instruct,chat_template,24,0.01,0.36,evaluation,window_16,48,1152,6.293251318161412,18.905183887481694,28.11747169494629,0.7612847222222222,0.0613898676923871,16.0,286.75,0.1139603012855951,actual_replay
